month,Bishan,Bukit Merah,Bukit Timah,Downtown,Geylang,Kallang,Marine Parade,Museum,Newton,Novena,Orchard,Outram,Queenstown,River Valley,Rochor,Singapore River,Southern Islands,Tanglin,Toa Payoh,Bedok,Changi,Pasir Ris,Paya Lebar,Tampines,Ang Mo Kio,Hougang,Punggol,Sengkang,Serangoon,Mandai,Sembawang,Woodlands,Yishun,Bukit Batok,Bukit Panjang,Choa Chu Kang,Clementi,Jurong East,Jurong West,Seletar,Sungei Kadut,Pioneer
2005-01,93.8,94.6,83.6,107.5,93.3,88.5,86.1,s,78.6,91.8,49,82.6,81.4,74.5,93.8,41.6,0,72.1,91.3,90.7,63.1,90.9,394.5,90.4,83.6,91.4,64.1,87.3,92.7,51.1,99.8,88.1,89.9,84.3,84.6,95.5,98.8,90.6,102.7,0,0,0
2005-02,94.4,84.3,86,105.2,92.8,86.4,91.9,s,80.7,91.4,47.7,82.4,79.5,68.7,92.4,43.2,0,70.3,97.9,92.6,66.9,86.7,341.1,90.1,88.1,91.4,59.9,79.6,100.3,47.3,92,89.2,87.4,90.5,87.6,91,93.1,99.9,99.4,0,0,0
2005-03,88.8,87.9,86.9,104.5,92.5,92.1,84,s,70.8,98.2,50.4,80.2,77.1,77.3,84.5,43.5,0,69.8,92.9,92.3,63.9,87.8,269.9,90.7,86.8,88.9,60.4,86.7,91.1,48.7,87.1,87.8,95.2,81.4,92.1,89.9,97.3,90.8,99.8,0,0,0
2005-04,92.6,95.5,87,103.2,94.8,91.7,89.9,s,72.1,95.3,54.8,88.9,81,77.1,99.1,42.5,0,71.4,91.6,90.3,64.3,91.7,317.8,92.5,86.5,93.2,62.5,84.6,96.2,60.3,93.8,87.7,85.7,83.7,86.6,97.8,94.1,98,98.1,0,0,0
2005-05,86.9,89.8,84.9,102,89,86.2,85.2,s,73.7,85,53.3,79.4,79.9,74.4,90.3,41.6,0,71.3,87.1,87.2,62.7,87.1,291.3,90.6,82,91.1,61.9,81.8,95.3,56,92.6,86.1,88.6,79.9,82.1,93.2,88.5,87.7,98.1,0,0,0
2005-06,90.5,82.8,84.9,96.4,90.4,86.9,84.5,s,77.2,92.7,51.1,78,76,70.1,86.9,41.6,0,70.8,91.1,90,65.2,86.5,289.7,88.3,84.8,88.7,59.9,80.3,93.1,52.4,89.2,86.9,87.7,84.2,87.5,92.3,89.6,95.3,99.4,0,0,0
2005-07,87,87.3,81.1,100.9,89,83.1,78.3,s,67.8,86,50.8,77.9,75.9,65.5,88.2,38.9,0,67.6,87,85.7,59.4,85,290.3,85.5,78.7,88.2,61,82,89.5,51.6,90.5,84,85.4,78.8,84.8,89.2,89.7,90.6,96.1,0,0,0
2005-08,88.7,84.2,85.3,102.7,90.1,85.3,87.6,s,76.2,91.5,38.8,79.1,78.1,69,89.7,39.3,0,67.3,94.8,91,63.7,92.3,282.1,90.6,88.9,92,63,79.3,101.8,51,90.1,89.9,87.8,85,86.5,91.1,89,95,97.9,0,0,0
2005-09,90.9,88.8,84.5,95.6,90.9,90.4,82,s,71.2,93.8,48.4,80.8,77.6,73.7,86.5,44.4,0,68.6,87.7,90.9,62.3,84.9,338.8,91.9,83.4,92,62.3,86.7,93.5,55.8,95.8,87.5,92.8,84.2,90.9,90.1,97.1,92,104.3,0,0,0
2005-10,92.4,88.2,87,101.8,90.7,85.7,87.8,s,77.4,87.9,58.6,78.9,79.7,69.4,88.9,42.4,0,73.6,88.7,87.8,62.2,90.6,261.4,92,84.2,91.4,61,79.9,93.8,56,92.7,88.2,84.5,83.2,83.1,94.5,91.4,94.6,94.4,0,0,0
2005-11,88.7,85.5,83,97.4,90.2,88.8,79.7,s,73,95.1,52.2,77.8,77.4,76,88.6,46.7,0,69.5,90.5,90.6,59.3,86.8,347.2,89.3,82.4,89.7,62,88.8,93,55.6,95,88.8,95.6,83,93.5,92.5,98.5,90.1,106.4,0,0,0
2005-12,82.1,81.8,81.8,96.3,87.2,83.1,78.8,s,71.4,84.8,51.9,74.8,74.3,67.8,87.2,40.3,0,67.1,86.4,84.7,58.9,85.9,296.4,85.4,80.1,86.2,61.2,76.9,87.8,47.2,90,84.8,81.7,77.8,79.8,92.2,89.3,92.1,94.7,0,0,0
2006-01,91.8,84.2,79.6,93.4,85.8,83.7,77.6,s,74.2,85.6,53,76.1,77.5,69.2,83.1,42.4,0,68.1,85.2,83,53.7,85.4,309.6,85.5,77.6,87.5,58.5,82.2,89.6,50.5,95.2,86,83.2,78.9,81,88.8,88.2,90.3,96.2,0,0,0
2006-02,89.4,81.9,84.6,103.6,89.9,84.6,88.6,s,73.7,88.3,42.3,77.4,78.7,65.6,89.5,41.5,0,69.4,93.8,90.6,60.7,90.9,300,89.6,83.7,88.2,61.8,81.2,100.9,53.1,91.8,87.4,87.1,88.7,83.1,88.9,95.4,94.6,94.4,0,0,0
2006-03,91.9,86.7,87.1,106.4,90.1,89.5,81.8,s,74.2,94.1,40.8,80.4,75.2,73.8,85,43,0,68.2,88,91.1,58.7,82.9,283.6,91.7,85.1,89.9,64.1,87.1,93.6,52.5,88.9,86.7,94.9,84.3,89.7,88,104.2,91.5,105.2,0,0,0
2006-04,89.8,86.4,82.1,97.6,86.5,85.4,86,s,71,91.3,51.3,76.6,78.3,71.5,84.4,42.8,s,70.2,89.3,85.8,52.7,85,261.3,86.4,82.6,92.4,62.1,84.8,89.4,53.5,96.6,85.9,86.5,83.3,84,89.2,97.3,92,94.6,0,0,0
2006-05,89.2,81.7,85.4,95.6,84.6,81.9,77.7,s,74.4,81.9,46,70.3,75.7,69.6,84,36.7,s,70.2,85.8,82.8,53.4,86.9,296.3,90.5,80.4,84.4,58.1,75.8,95.9,55.2,87.1,85.3,86.8,78.2,79.4,91.5,92.1,84.4,94.8,0,0,0
2006-06,90,83,83.1,99.7,88.4,85,86.1,s,73.7,91,42.3,74.9,75.9,68.7,83.2,40.3,s,69.4,88.3,86.5,57.2,84.6,289.5,86.5,83.9,90.1,62.9,83.6,94.2,56.2,92.8,85.9,82.9,85.8,86.3,90.7,105.5,93.2,97.3,0,0,0
2006-07,85,82.5,78.5,95.8,83.1,79,76.9,s,67.7,81.6,43.5,70.3,76.3,70,83.4,43.8,s,65.7,83.5,82.8,51.1,84.1,293,85.1,78.7,86.5,61,78.7,90.3,52.3,91,82.7,85.2,76.9,79.9,89,98.2,91.1,94.6,0,0,0
2006-08,92,77.4,82.4,102.3,88.3,85.4,87.4,6.8,73.3,92.4,37.9,72.6,76.8,63.1,86.8,39,s,65.5,94.5,87.8,59.9,90.2,297.2,92.2,87.7,89,62.8,84.3,97.8,56.9,90.3,91.6,88.8,89.3,86.8,91.9,100.4,109.6,97.3,0,0,0
2006-09,93.8,88.4,87.3,102.9,91.3,87.5,86.8,13.5,65.3,92.3,45.6,77.4,76.9,72.1,83.4,40.7,s,68.1,90,91.7,60.1,87,267.2,92.7,83.6,94,63.8,90.2,97.7,52.4,95.1,89.6,90,87.4,88.5,91.7,108.2,106.4,104.4,0,0,0
2006-10,89.4,83,86,94.7,90.2,85.1,82.7,14.4,75.1,91.3,46.8,75.2,79.2,66.5,83.3,38.1,s,72.3,88.3,89.4,70.4,92,309.3,91.2,85.9,87.8,66.2,81,97.6,59.5,95.3,90.8,87.1,85.2,85.4,92.9,103.2,117.5,95.7,0,0,0
2006-11,92.4,85.4,83.9,100.4,88.9,88.3,85.1,20.5,72.2,87.4,50.2,75.1,79,75,83.5,41.3,70.5,72.2,92.1,88.1,63.8,88.2,317.6,90.5,81.9,93.8,65.5,85.5,97.6,57.3,94,92.4,90.2,85.2,87.1,97.9,107.1,106.2,101.2,0,0,0
2006-12,85.5,79.8,80,93.3,84.7,83.6,74,19.3,70,89.4,43.4,70.8,73.7,67.7,76.6,41.3,s,65.2,82.9,84.3,51.5,77,297.5,85.6,79.1,84.2,60.7,84.7,80.9,46.9,89.1,85.2,85.8,79.2,86.9,86.3,100,103.5,100.3,0,0,0
2007-01,87.2,83.4,85.1,100.1,86.3,84,81.4,27.9,71.2,88.1,46.8,73.7,78.5,70.8,83.6,40.9,22.2,70.9,84.6,83.8,54.8,86.8,340.1,88.8,82.1,88.8,65.3,82.8,93.9,49.4,99.2,87.1,85.2,86.4,82.3,91.8,105.4,110.4,98.6,0,0,0
2007-02,88.8,80.7,87.5,92.5,91,84.9,87.5,24.4,74.6,85.3,41,74.4,77.1,63.6,85,37.7,20.2,72.9,95.1,90.5,64.4,90.8,312.5,93.7,83.6,89.3,61.4,80.3,97.5,67.2,91,89.7,86.9,86.7,83.8,88.7,105.8,111.4,97,0,0,0
2007-03,91.6,81,86.4,97.9,87.1,85.2,77.6,25.4,69.9,92.8,41,75.2,71.6,72.4,78,43.9,21.1,67.6,85.4,87.3,53.8,82.2,324.4,86.5,84.2,89.4,65.6,89.6,92.5,47.3,88.7,86.2,90.1,84.2,90.1,86.7,107.8,107.5,100.5,0,0,0
2007-04,91.5,84.2,89.9,103.2,91.8,87.8,82.1,26.1,71.5,90.7,44.7,78.3,83.1,70.9,85.7,40,24.7,72,86.8,86.5,57,82.8,284.8,91.6,84.2,91.1,65.4,83.5,95.6,58,97.2,91.1,87.4,87.7,83,92.7,102.6,116,98.3,0,0,0
2007-05,91.2,84.2,86,96,84.7,84.5,84,31.3,74.9,80.9,47.3,73,76.8,68.5,80.3,36.9,27.2,75.2,89.2,81.8,58,90.8,289.1,87.7,79.8,87.6,63.9,79.4,93,56.3,92.2,85,82.9,85.4,79.8,97.3,104.5,112.5,94.8,0,0,0
2007-06,86.5,78.4,84,91,83.9,83.3,76.9,27.5,71.1,87,42.1,71.5,73.5,67.2,79.4,39.5,24.5,69.8,82.7,84.2,60,79.1,303.4,84.7,79.9,84.4,63.5,83,87.2,52.3,90.6,87.2,86.7,81.2,85.5,84,99,110.4,100,0,0,0
2007-07,83.7,80.1,79.7,89.3,82.9,80.4,80.7,26.5,69.8,81.2,44,69.7,73.7,66.2,77.8,37.6,28.5,70.3,83.8,82.6,55.7,84,254.2,86.9,78.1,85.5,62.2,79.6,91,50.9,90.9,82.7,82.5,77.8,76.5,89.8,96.8,115.1,90.6,0,0,0
2007-08,86.3,76.9,83.8,99.3,88,83.2,83.5,25.6,69.2,86.5,40.8,73.1,74.4,63.5,80,40.6,26.8,67.4,89.4,85,59.7,85.5,294.8,87.6,82.2,88.5,62.4,83.2,96.4,55.9,92.9,89.5,86,86.7,87.6,91.6,103.8,135.7,97.1,0,0,0
2007-09,95,86.1,87.7,101.5,88.4,85,83.1,30,68.6,85.7,42.5,75,77.6,67.7,82.8,41.7,25.2,71.8,87.5,87.5,53.7,87.5,330.7,90.9,81.9,93.7,67.8,86.8,97,52.1,98.9,90.8,88.5,86.4,84.1,91.7,105.8,126.3,99.6,0,0,0
2007-10,88.8,78.1,88.3,89,88,84,84.9,24.9,75,87.9,45,72.2,76,60.6,81.2,37.8,31.7,73.3,86.6,89,64.9,91.2,295.8,95,83.5,87.7,67.2,83.6,90.9,56.3,95.5,94.7,89.5,86.7,85.9,96.4,104.4,136.4,102.3,0,0,0
2007-11,92.1,84,91.1,81.2,91.8,87.3,83.9,26,77.3,89,45.7,76.3,81.7,73.3,85.6,41.1,33.3,75.2,89.8,88.9,65,90.4,294.1,94.1,82.2,93.9,70.1,87.1,95.9,56.7,97.4,94.7,87.3,86,89.3,94.4,104,130.3,98.5,0,0,0
2007-12,82.2,78.5,80.8,70.3,80.9,82.3,77.3,25.1,70.6,85.8,44.4,67.3,73.6,65.6,78.2,39.8,34.3,67.7,78.9,81.8,53.7,78.5,290.6,86.8,78.4,88.6,63.3,85.3,83.1,46.8,96,83.1,85.5,78,84.2,84.3,107.5,126.4,100.1,0,0,0
2008-01,88.5,81.5,85.8,70.3,84.9,81.3,74,22.6,76,79.8,45.8,72.2,76.5,65.3,78.8,39.2,35.6,74.3,84,82.5,52.8,86.3,347.5,86.3,81.1,87.3,65.7,81.3,91.1,53.9,97,89.3,85.3,83.5,80.4,94,102.6,123.9,97.5,0,0,0
2008-02,95.3,78.3,89.7,69,92.1,85.3,85.9,22.7,74.2,87.9,37.5,70.7,77.1,61.8,89.4,38.6,35.8,70.7,93.7,89.7,69.5,88.8,320,96.5,86.1,91.6,70.5,82.7,102.6,60.1,95.3,96.4,86,92.5,83.7,89,105.4,146.4,97,0,0,0
2008-03,88.9,82.1,87.9,65.7,87.6,85.7,80,25.7,75.9,89.1,47.5,73.1,76.9,69.8,76.8,41,39.1,74.7,85.4,86.1,54.6,84.8,292.7,86.8,83,91.2,64.3,87.2,91.6,50.2,96.4,87.4,90.4,81.2,86.5,86.3,105.3,122.5,99.1,0,0,0
2008-04,94.5,81.1,87.9,67.2,90.2,86.6,86,24.2,72.7,91.2,45.9,73.3,76.9,66.7,76.2,40.8,39.5,76.2,88.2,88.8,55.9,91.8,307.4,93.1,85.9,95,70.2,89.9,97,61.9,100.5,95.9,90.4,89.1,89.7,92.4,109.5,131.3,102.6,0,0,0
2008-05,89,86.2,88.4,66.5,91.8,86.4,81.7,26,76.2,88,42.9,72.2,80.2,71.4,78,41.2,46.7,77.6,86.9,84.4,61.2,87,258.3,93.3,80.9,92.2,74.1,84.1,93.9,54.1,98.4,92.9,84.8,83.8,81.3,103,104.5,130.3,94.8,0,0,0
2008-06,86.1,77.2,83.8,62.3,82,78.7,78.7,24.9,74.2,81.3,42.1,70.5,75.6,65.7,79,36.1,59.6,72.4,83.9,84.2,53.8,81.9,301.3,83.9,79.9,84.6,58.5,77.5,87.8,55.3,91.1,86.9,83.6,80.5,79.7,82.3,95.9,125.6,94.1,0,0,0
2008-07,85.3,81.6,78.7,62.4,85.3,81.2,80.2,20.3,66.3,83.5,42.6,67.9,75.6,57.4,71.4,35.5,40.2,64.4,83.5,83.5,55.7,85.9,293.9,88.1,80.2,88.8,66.2,87.3,86.7,58,93.7,87.3,84.6,81.6,85.9,92.2,103.9,130.5,98.6,0,0,0
2008-08,90.1,76.9,82.6,60.1,89.8,83.7,81.9,20.7,68.3,82.7,41.9,70.9,77.1,59.5,75.2,34.9,43.2,69.8,86.4,84,61.4,83.8,316.9,87.4,84.9,92.2,70.5,81,94.4,55.6,98.8,93.7,88.3,83.7,82.1,91.7,98.1,123.3,96.8,0,0,0
2008-09,94,83.8,91.8,58.6,91.2,85.1,83.7,24,73.4,87.7,46.3,74.1,77.7,65.5,78.9,38.7,23.8,74.3,88.3,93.7,64,94.5,307.3,99.1,87.8,94,69.5,91.3,99.8,58.1,96,99.1,92.4,89.9,91.7,94,108.3,140.3,105.9,0,0,0
2008-10,92.9,83.4,87.6,60.2,87.3,85.3,84.6,23.7,70.9,83,44.5,70.8,77.6,65.7,74.1,38.4,55,72.4,86.3,87.7,59.7,92.8,309.6,95.1,84.7,96.7,73.2,89.7,100.2,61.7,100.9,96.8,89,87.2,89.4,96.7,107.4,134,104.1,0,0,0
2008-11,91.9,80.6,88.8,65,90.5,86.5,87.2,23.9,73.2,84.2,44,72.3,79.3,69.4,77.8,38.1,53.1,77.7,87,87.2,68.3,93.7,298.2,94.7,85.5,94.2,74.2,85.8,97,63.8,98.1,96.7,87.1,86.7,87.8,101.2,107.8,136.8,96.5,0,0,0
2008-12,82.8,73.3,81.5,56.4,82.3,79.3,79.9,20.9,66.1,81.4,34.2,67.4,71.2,61,71.3,34.7,50.8,70.4,81.1,82.9,49.1,77.5,284.9,82.4,80.1,85.7,65.9,81.7,84.2,44.7,90.7,85.5,87.9,81.2,85.3,83.7,101.8,127,100,0,0,0
2009-01,86.3,83,83,58.3,88.7,81.4,80.6,21.1,69.6,79.7,43.8,74.1,77.4,63.1,74.2,34,56.7,74,84.2,84.2,60.7,83.4,278.6,89.7,81,88.6,68.5,80.7,91.3,57.7,100.2,90.9,87.4,79.3,77.5,90.4,97.4,130.8,95.5,0,0,0
2009-02,91.4,78.4,85.3,57.4,87.8,84.6,86.8,21.8,66.5,81.5,31,78.5,79,59.5,77.6,33.9,40.4,67.7,88.9,87.8,55.7,87.8,335.1,90,85.8,93.8,69.1,85.4,94.4,60.7,96.3,94.2,87,87.3,85.8,87.2,100,131.7,101.1,0,0,0
2009-03,89.6,79.4,85.2,60,85.4,85.1,85.4,24.3,71.6,88.4,37.1,75.7,74.5,65.1,73.9,34.9,44.5,68.8,86.5,85,66,87.8,284.9,89.5,84.8,90.5,69.2,86.7,95.1,52.4,89.6,90.1,84.9,85.1,88.1,91.3,101.1,122.5,99,0,0,0
2009-04,87.9,77.9,88.8,56.5,87.8,84,88.3,23.3,74.6,83.4,38.2,89,76,64.1,70.8,33,55.1,71.7,86.6,85.9,47.1,83,268.4,87.4,83.1,92.2,69.8,88.2,92.7,61.8,99.3,93.4,88.3,86.3,82.8,92.8,101.5,141.5,100.6,0,0,0
2009-05,86.4,82.8,84.7,56.9,86.4,81.9,87.8,24.1,68.5,77.7,40.4,79.9,77.1,64.7,76.5,29.6,49.4,73.8,83,83.2,41.2,87.1,311.5,89.4,80.2,90.5,70.7,79.1,91.8,56.2,97.1,90.9,85.1,81.4,83.9,91.6,100.3,140.8,94.5,0,0,0
2009-06,88.4,75.5,82.7,56.2,85.5,80.8,87,22.3,65,85.1,33.5,80.2,74.2,58.5,73.3,31.2,35.8,70.4,85.1,86.2,50.1,83.4,322.5,87.9,85.9,89.5,71,85.2,92,58.9,91.8,91.1,89.9,83.3,85,91.5,99,140.3,100.4,0,0,0
2009-07,84.3,79.3,80.1,58.9,86.4,79.5,82.2,20,63.3,75.9,40.1,76.8,75.3,54.3,73.1,27.5,47.9,69,85.2,82.5,55.2,85.3,243.5,86.8,79.4,89.3,67.8,78.9,88.5,59.1,94.1,88.1,82.4,79.9,79.2,90.5,96.4,139.2,92.8,0,0,0
2009-08,86.2,78.8,81.7,60.1,86.4,85.2,86.8,22.2,64.1,78.5,30,81.6,75.3,56.5,75.7,32.4,49.6,64.5,84.2,86.6,61.9,85.4,308.5,89.4,92,90.3,70,83.6,98,60,95.4,91.7,85,85.4,84.6,85.8,98.9,148.7,100.8,0,0,0
2009-09,91.5,80.5,86.6,58.9,86.9,84.3,88.4,19.4,65.5,82.4,40.4,78.3,75.6,62.4,73.3,35.7,50.8,73.7,88.2,90.6,59,88.9,314.9,95.1,85.3,92,70.1,88,96.1,59.9,95.9,95.7,90.5,86.5,85.4,95.1,102.1,145.8,102.6,0,0,0
2009-10,87.4,79.8,87,57.2,89.8,85.2,86.7,18.9,69.4,81.3,45.4,77.1,76.3,61.3,74.7,34.5,46.4,72.1,86.7,87.7,59.2,88.5,307.9,92,83.5,91.7,76,87.6,91.9,58.9,95.4,96.5,86.7,84.4,88.2,94,101,152.2,100.3,0,0,0
2009-11,87.9,80.6,86.3,53.6,88.2,85.4,89.3,23.8,69.7,81.7,44.7,81.3,77.9,65.7,75.3,37.5,46.7,76.7,84.6,83.1,56.2,89.7,308.6,89.1,82.7,91.8,68.1,82.8,93.7,54.6,97.8,94,81.6,83.9,83.7,93.6,101,153.2,96.2,0,0,0
2009-12,82.4,74.7,82.4,53.6,84,81.3,83.4,20.6,67.6,78.6,47.1,76.6,71.6,59.5,69.4,37.2,42.9,70,81.1,81.9,54.1,77.9,314,82.1,79.5,86.2,66.4,83.2,83.5,47.1,90.4,84.4,87,78.7,84.2,82,97.7,142.9,97.8,0,0,0
2010-01,84.4,80.3,81.8,55.9,84.9,83.2,89.3,21.1,65.9,75.2,43.6,75.6,73,62.8,74.3,36.4,43.8,71.3,82.6,84.4,53.2,84.8,361.9,87.1,77.9,90.1,69.6,77.7,87.8,62.8,94.5,90.7,81.5,82.1,76.4,92,99.7,148.9,93.7,0,0,0
2010-02,87.6,71.6,81.6,53.1,84.8,82.7,93.1,19,58.1,80.4,37.8,73.9,68.6,54.7,69,36.4,42.4,65.4,85.4,87.1,55,80.3,362,86.9,82.2,85.7,67.8,87,88.6,75.2,91.4,91.1,87.5,84.8,84.4,80.7,99.1,142.6,101.9,0,0,0
2010-03,84.6,76.3,83.7,56,83.8,84.3,80.8,23.7,66.9,82.3,43,70.6,71.2,60.4,66.7,37.1,50.2,72.6,85.8,84.4,52.2,85.3,265.7,86.1,83.9,89.9,69.9,83.3,92.2,65,87.6,89.4,85.4,82.9,85.3,88.3,98.5,148.5,91.6,0,0,0
2010-04,90.4,82.2,85.3,60.5,87.4,86.7,82.2,22.7,67,82.5,45.8,72.8,76.8,61.8,72.6,37.1,49.6,75.2,81.8,83.6,55.1,83.4,288.4,89.1,83,93.5,73.1,85.5,92.7,75.6,94.3,89.9,86.2,79.9,81.3,91.9,99.7,145.2,97.9,0,0,0
2010-05,83.4,78.3,83.2,51.7,83.7,81.5,87.9,21.9,65,74.1,45.3,66.3,73.9,59.4,70.1,36.3,46.8,75.8,82,82.1,51.8,84.1,289.9,83.6,79.8,83.4,70.1,78.7,93,72.5,93.9,86.8,81.1,82.2,81.1,87.7,94.7,145.9,92.9,0,0,0
2010-06,84.1,71.5,81,55.9,82,79,83.8,20.6,62.1,80.4,42.9,64.9,69.3,57.3,65.2,37.7,41.1,70.4,82.1,84.9,54.4,80,304.4,83.9,79,88.5,67.2,81.3,83.6,83.5,89.4,89.7,87.2,82.2,85.2,85.1,98.4,142.5,98.8,0,0,0
2010-07,81.9,76.1,78.6,52.8,80.2,80.4,80.1,20.8,64.6,74.3,49.8,65,69.7,57.2,67.9,30.9,47.2,73.9,80.8,81.4,56.3,81.4,322.6,85.5,77.9,84.5,70.2,76.4,85.4,76.2,90.9,88.3,79.5,78.4,77.2,88.8,94.5,144.3,92.1,0,0,0
2010-08,87.3,75.9,80.3,56.8,83.8,83.1,85.4,23.3,59.7,78.6,36.7,72.7,72,57.7,72,36,38.6,70.5,81.4,88,62.8,83.1,332.3,90.8,84.4,87.5,71.1,85.1,92.7,91.6,92.9,94,85.2,85.1,83.7,88.4,97,149.2,99.4,0,0,0
2010-09,86.6,79.7,86.1,55.3,83.6,84.2,83.9,21.5,65.3,82.9,46.2,69.5,72.8,58.6,72,34.3,43.3,72.5,87.3,90,62.1,87.5,351,90.1,81.8,91.8,72.8,90.1,92.5,104.1,94.1,95.5,91.4,86,89.4,93.4,100.5,147.1,103.7,0,0,0
2010-10,86.5,77.3,83.8,53.9,85.2,84.3,87,21.2,67.1,79.6,51.9,69.1,72.9,57.3,68.8,34.9,46.5,75.7,79.9,87.2,60.5,85.2,332,90.2,80.9,89.8,73.2,82.9,87.4,85.3,94.4,96.4,86.6,82.8,84.6,89.4,100.5,143.4,99.9,0,0,0
2010-11,88.2,77.9,88.6,55,82.7,82.9,84.4,25.4,65.1,81.1,50.7,70.3,73.5,63.1,70.4,38.8,47.3,79.7,87,82.6,62.9,89.7,318.9,90.8,82.3,90.6,72.9,81.5,91.1,91.1,97.2,93.8,84.6,86.2,84.2,93.9,100.1,156.3,95.1,0,0,0
2010-12,79.1,71.4,78.5,48.4,77,78.6,76.4,22.7,61.7,76,42,64.1,68.9,59.9,64.4,35.7,46.7,71.9,75.9,83,53.2,75,325.6,82.9,78.6,83.1,67.8,83.9,82.2,82.9,88.6,87.9,81.5,75.9,82.5,84.2,97.5,135.8,97.2,0,0,0
2011-01,87.9,78.3,80.1,53.2,82.1,80.2,82.5,24.5,62.6,75.4,46.1,71,72.3,60.4,70.3,35,43.9,75.6,80.9,82.3,60.4,82.8,371.5,84.6,80.5,87.9,69.4,81,86.3,89.3,95.4,89.8,82.6,82.4,80,87.2,99.9,147.2,95.2,0,0,0
2011-02,87.9,72,85.3,53.8,85.6,83,90.8,22,65.1,79,37.7,69,71,57.4,73.1,34.6,45.2,77.6,81.9,87.9,57.6,84.5,341.5,91.2,82.5,88.4,71.5,82.6,92.9,95,94.3,92.7,85.2,91.2,81.6,92.6,100.6,150.6,96.6,0,0,0
2011-03,88.9,76.4,85.7,55,82.8,83.8,81.7,25.3,66.1,87.2,39.6,70.8,70.3,62.1,70,37.3,42.2,73.9,88.4,88.7,57,83.2,314.2,87.3,84.9,90.5,69.2,88.2,90.8,97.5,89.4,91.1,89.8,85.5,85.4,83.5,107.4,140.2,97.3,0,0,0
2011-04,89.3,81.9,85.6,54.2,83.2,86.4,86.9,24.7,69.8,82.8,49.2,75.4,73.8,63.2,68.7,35.3,45.7,79.4,82.2,86.9,51,85.4,347,88.5,83.4,94.8,71.3,88.1,90.6,87.5,98.5,94.9,85.9,86.6,83.9,91.7,102.3,145.6,98.5,0,0,0
2011-05,84.9,78.2,84.5,46.4,81.1,81.7,84.2,24.6,67,77.7,46.1,66.7,72.6,61.4,70,34.1,45.8,79.3,82.1,82.9,56.6,85.4,331,86.4,77.7,84.8,68.4,77.9,86.8,94,93.5,90.3,81.4,82.6,82.2,89.4,98,151.5,92.7,0,0,0
2011-06,83.8,72.3,81.2,48.6,80.4,80.2,79.9,22.8,62.5,81.5,39.7,63.4,70.1,59.3,69.9,36,44.6,73.1,81.8,83.4,53.2,78.4,334.8,83.3,80.4,88.4,70.8,87.1,85.6,75.3,90.9,88.3,82.5,81.9,84,89.2,102.3,140.8,98.6,0,0,0
2011-07,80.2,75.9,75.7,49.2,79.3,78.7,81.8,20,60.4,71.3,43.5,68.9,69.2,54.6,68.3,30.6,42.7,85.3,80.4,80,50.8,81.5,332.9,84.1,76.6,85.1,67.3,74.9,84.4,81.7,91.7,88.1,80.6,81,74,86.8,91.8,144.3,89.6,0,0,0
2011-08,85.9,73.1,79.7,51.7,81.1,82.4,84.7,21.9,54.1,80.7,35.4,67,68.5,57,68.8,33.6,34.1,65.9,81.8,87.1,64.8,82.1,341.3,88,83.4,85.1,69.8,84.4,92.4,85.2,89.6,92.6,85.6,85.2,85,88.3,98.9,148.4,98.4,0,0,0
2011-09,85.6,80.1,81.2,50,84,86.6,83.4,26.6,62.2,80.8,45.1,68.8,74.3,60.1,71.9,33.3,43.9,72.1,86.7,90.2,63,88.7,333.8,91.7,81,92.2,73,87.7,90.8,90.6,96.4,97.3,90.4,84.4,86.5,90.8,104.5,156,102.6,0,0,0
2011-10,84.7,77.8,84.5,48.6,82.6,85.8,83.7,24.1,69,79.5,42.8,70.6,73.6,58.2,71.5,35.6,46,76.6,81.2,86.9,59.9,87.2,367,90.2,81.1,90.9,70.5,87.6,89.1,97.3,95.3,95.2,84.5,86.4,85.5,92.5,101.2,157.1,99.8,0,0,0
2011-11,87.5,75.3,85.4,49.2,81.8,86.2,87,27,70.6,82.7,47.3,68.8,69.2,64.3,70.7,39.6,44.5,80.8,86.4,84.1,64.4,89,389.7,89.9,79.5,89.6,72.6,81.3,90.1,97.7,98.1,94.9,78.9,85.6,80.1,93.4,99,149,94.9,0,0,0
2011-12,83.3,71.4,79.9,46.4,77.8,81.6,77.8,24.1,62.9,78.5,42.4,65.9,66.1,59.3,64.2,36.3,42.9,71.5,74.2,81.2,46.6,75.8,363,81,78,86.2,65.7,84.2,82.5,81.6,87.7,87.4,82,80.4,83.6,79.6,101.3,141.9,97.1,0,0,0
2012-01,85.9,77.3,81.3,48.1,79.1,84.2,85,22.8,65.1,75.7,47.1,70.6,71.6,63.6,68.5,35.2,44.2,77.8,82.1,84.7,50,85.3,402.2,84.7,80.8,90.4,65.9,79.5,86.3,90.1,96,89.8,84.8,80.6,76.7,88.4,101.5,148.2,92.1,0,0,0
2012-02,92.6,74.3,86,48.1,84.4,85.8,90.4,22.2,64.7,80.7,38.8,72.7,72.9,60.3,71,36.3,42.5,73.2,84.9,87.2,63.7,86,350.8,88,82.8,93.4,70.5,81.8,96.1,102.1,91.3,95,82.5,90.5,81.5,91,103.5,152.6,96.7,0,0,0
2012-03,92.2,74.6,85.3,49.6,83.5,88.5,85.1,23.8,62.5,84.5,40.5,73,69.5,66.6,70.3,39.4,41,71.8,84,84.6,54.3,87,316.9,87.5,82.6,91.5,68.6,86.7,89.8,93.3,91.5,91.8,83.3,85,88.2,85,107.1,148.8,98.5,0,0,0
2012-04,91.2,76.1,88.1,50.7,82.6,88.9,90.2,24.1,64.8,83.4,48.6,69,72,66.2,71.7,39.7,42.6,75.9,81.1,86.6,51,85.2,372.4,86.6,83.1,92.2,70.4,88.3,85.5,83.8,96.3,91.5,85.3,86.1,84.6,88.6,100.6,149.6,100.5,0,0,0
2012-05,86.3,75.2,82.7,46.7,77.9,83.1,82.8,25,67.7,77.6,50.4,68.1,72,64.4,67.8,34.1,49.9,78.6,83.3,80.4,56.3,87.9,333.5,88,77.9,88.8,72,80.4,89.1,87,93.7,91.4,78,85,76.5,88.2,97.9,142.3,93.3,0,0,0
2012-06,87.4,73,80.3,48.2,81.9,85.3,81.9,23.2,63.6,82.2,45.2,68.3,69,64.3,71.2,36.9,36.8,72.4,78.7,84.1,55.5,82.6,347.8,82.9,79.9,89.6,67.8,86.4,86,81,94.6,92.4,83.7,83.5,86.5,85,100.5,139.2,99.2,0,0,0
2012-07,86.1,73,76.2,46.2,76.8,79.3,78.9,23.5,58.4,74.4,47.4,67.1,68.8,58.3,64.1,32.8,41,73.2,77,80.7,55.7,82.7,331.6,82.6,77.7,87.2,69.6,77.1,85.5,82.7,92,86,79,78.9,77.7,86.8,91.6,147.7,93.4,0,0,0
2012-08,93,73.3,80.8,49.2,83.4,84.7,87.9,21.7,57.9,80.2,41.1,64.2,72.4,57.1,73.1,35.9,40.1,69.2,85.1,90.9,76.8,91.2,325.8,93.9,84.7,91.7,69.5,83.5,93.6,102.3,93.6,95.7,84.3,86.9,83.2,87.3,96.5,152.2,96.3,0,0,0
2012-09,96.8,80.2,85.7,49.1,83.3,88.1,85.5,25.8,59.4,84.5,42.2,69.7,73.6,63.5,71,39.8,42.3,72.5,85.9,90.1,59.4,91.3,355.2,91.8,83.3,96.2,74,87.5,91.5,90.1,99,101.3,88.2,88.4,87.5,95.8,105.1,151.1,103.8,0,0,0
2012-10,83.6,72.7,85.8,48.5,81.8,83.3,85.2,22.2,62.9,80.9,46.6,64.6,68.4,57.5,68.1,36.2,49.1,74.4,80.1,85.8,47.8,87.3,323.7,86.5,81.6,91.6,71.6,86.7,89.1,83.9,95.4,90,85.7,87,83.9,93.6,96.8,143.5,98.8,0,0,0
2012-11,92.2,76.9,88,49.2,81.9,86,86.8,25.6,65.7,82.2,50.7,68.6,72.7,65,72.6,37.7,51.1,78.6,85.9,84.5,61.4,88.9,317.8,87.3,77,90.7,67.5,84.9,88,91.9,97.7,96.7,79.2,83.7,77.4,91.2,100.8,150.6,93.6,0,0,0
2012-12,84.5,71.6,79.5,46.8,76,81.1,78,23.6,60.8,81.6,43.5,65.3,66.2,62.4,68,38.3,46.9,71.9,76.6,79.6,46.6,76.5,328.6,78,79,83.8,65,81.8,78.6,81.4,91,86.3,80,78.4,81.1,83.9,95.2,144.2,98.6,0,0,0
2013-01,88.3,75.1,80.1,47.8,76.5,81.6,80.8,19.3,63.7,73.5,50.6,65.8,69.2,61.6,69.3,35.3,50.9,78,81.3,79.4,50.7,86.2,300.3,84.8,79.6,87,69.5,76.3,86.9,87.7,94.6,88.1,76.9,81.6,75.3,89.1,95.1,137.6,89.9,0,0,0
2013-02,92.6,70.4,81.7,47.4,77.4,82.5,83.9,21,62.7,79.8,46.2,64.8,68.1,58.2,64.1,35.4,40.9,71.8,83.4,85.6,62.1,82.4,314.9,86.3,80.5,90.5,66.9,81.5,88.6,105.6,90.4,89.6,82.3,87.3,83.1,83.3,97.4,151.4,96.3,0,0,0
2013-03,91.4,73,85.9,48.5,78.8,86.6,85.2,24.9,60.2,82.7,47.7,63.9,67.1,64.9,70,40.5,42.8,74.5,84.6,84.9,53.5,84.8,285.8,83.2,80.4,88.6,67.1,83.7,85.2,88.5,88.8,88.1,82.4,84.1,80.3,82.2,104.1,143.4,94.3,0,0,0
2013-04,90.7,75.5,85.6,49.1,82.3,86.3,87.6,23.9,60.5,81.8,46.9,67.7,72.4,64.1,72.8,39.3,47.7,74.5,84.6,85.4,50.8,83.1,252.9,83.2,83,91.9,73.2,85.9,87.4,90.2,95.5,89,81.3,85,83,93.4,100.7,133,99.5,0,0,0
2013-05,85.8,75,81.5,46.5,78.4,81.5,82.9,21.1,62.4,73.4,50.9,67.9,71.3,60.3,70.1,32.2,52.5,74.5,79.6,80.1,55.3,83.2,207.3,83.1,75.7,86.6,66.4,77.9,84.2,95.1,92.8,92,79.4,79.1,76.7,85.1,92.7,138.4,89.8,0,0,0
2013-06,87.3,73.4,83.2,49.6,77.5,85.2,81.6,22.3,61.5,80.1,52.6,65.5,68.3,60.8,70.3,36.6,50.2,73.9,82.3,84.5,56,84.1,274.2,85.3,81.4,86.5,68.5,83.1,86.1,91.8,95.2,90.2,107.4,83.2,82.4,92.9,95,151,99,0,0,0
2013-07,86.9,72.8,77.9,44.6,76.5,79.5,81,23.2,61.8,71,53.2,64.7,66.6,54.8,65.8,32.2,48.5,74.8,81.6,82.8,53.9,83.1,255.4,84.2,80.5,86.3,68.1,78.3,92.9,90.4,94.9,86.1,81.3,79.8,79.4,87.7,93.8,135.1,94.1,0,0,0
2013-08,93.9,72.1,81.5,51.3,82.1,82.7,83.5,23.6,57.8,78.6,32.4,67.4,71.2,58.8,73,37,37.5,65.5,85.3,89.6,75.3,90.1,319.3,91.1,81.4,90.6,69.8,85.2,87.7,86.6,93.6,97.4,82.6,86.2,83.6,86.9,98.2,152.1,100.5,0,0,0
2013-09,91.7,75.1,86.7,49,79.1,86,82.8,22.3,58.8,81,43.3,67.2,70,58.7,67.5,36.4,45.7,72.8,85.3,87.1,58.8,87.8,336,86.5,80.1,91.4,72,81.8,89.2,96.1,94.8,92.8,82,85.5,84.8,92.4,101.4,151.2,99.3,0,0,0
2013-10,85.6,72.3,86.1,47.1,78.7,84.4,85.5,21.7,69,81.7,51.7,65.4,68,58.4,66,36.8,50,79.4,82.1,85,56.5,85.3,307.1,85,80.7,87.4,67.6,81.7,84.8,105.8,92.9,88.5,80.8,85.7,82.6,90.6,98.5,125.6,97.3,0,0,0
2013-11,89.3,78.5,90.1,51.7,79.2,88,84.8,26,66.2,82.5,48.5,70.2,70,69.7,72.9,42.1,52.7,79.1,84.2,83.2,55.4,84.8,284.8,84.9,78.1,92.1,71.9,84.9,86.9,90.8,94.7,90.3,76.5,82.9,77,92.5,101.4,148.6,95.4,0,0,0
2013-12,87.1,70.1,81.5,47.6,76.1,84.5,80.6,23.8,63.8,80.3,43.8,65.3,67.4,63.3,68.6,38.4,46.4,75.7,81,80.7,47.6,80.6,319.7,78.8,78.6,83.9,66.3,81.5,79,76.2,89.6,86.3,77.7,79.5,81,83.3,98.4,144.6,98.6,0,0,0
2014-01,88.3,73.4,84.3,47.3,80.6,85.2,81.5,23,64,77.5,49.6,68,68.6,61.2,68.5,34.8,52.8,76.4,84.1,84,55.5,86.8,373.4,83.8,77.3,89.3,68,76.1,86.1,91.6,93,90.1,79.6,84.3,79.9,87.2,99.1,140.4,94.9,0,0,0
2014-02,95.9,75.3,87.9,49.7,81.2,86.4,86.7,23,59.8,78.9,46.3,70.8,73.1,61.9,75.4,36.9,47.5,75.5,84.4,87.3,57.7,90.7,351.5,90.6,84.3,94.5,72.7,81.7,95.2,98,94.9,93.4,79.6,87.8,81.9,92.4,98.8,150.9,99.7,0,0,0
2014-03,92.1,72.9,87.6,48.7,81.9,87.8,83,27.9,63.1,86.5,44.8,66.2,67.9,67.9,69.7,38.9,46.2,77.4,85,85.1,52.6,85.2,254.2,84.7,82.1,84.4,72.3,84.5,88,91.3,87.3,87.9,81.8,84.5,85.3,84.1,104.1,147.4,98.7,0,0,0
2014-04,90.8,72.7,88.5,48.6,80.5,83.7,83,23.7,67.3,81.4,47,65.9,68.7,62.9,71.2,38.4,46.8,76.2,85.7,85.9,56,83.4,319.6,81.2,77.8,87.7,72,84.8,83.3,92.3,93.3,88.6,82.3,85.6,82.9,87.2,101.2,127.8,100,0,0,0
2014-05,88.4,76,84.2,43.8,77.3,84,82.6,25.2,61,75.3,53.3,67.4,67.6,58,70.5,37.5,53.5,78.4,79.9,80.3,59.8,83.8,231.9,83.3,75.5,84.6,68,74.2,80,87.5,89.4,86.4,73.1,78.1,72,86.5,93.5,140.6,88.4,0,0,0
2014-06,86.5,71.5,84.2,47,79,85.2,79.7,24.2,61,79.8,44,62.2,68.9,58.4,73.2,37.4,43.6,74,81.5,81,48.7,81.9,286.3,81.6,79.3,86.9,71.8,83,80.1,87.4,91.5,89.5,79.8,80,82.7,88.8,96.4,147.2,98.4,0,0,0
2014-07,82.8,71.7,78.8,44.4,75.8,78.9,76.6,24.6,58.8,73,49.1,64.4,68.5,57.6,69.5,32.1,49.6,76.1,83.1,80.4,52.2,83.1,241.1,81.2,76.5,81,67,74.7,83.8,87.1,88,84.9,76.2,78.6,80,87.4,91.3,135.7,91.1,0,0,0
2014-08,87,72.2,76.6,47.8,81.2,83.2,81.6,25,52.8,80.4,32.8,67.6,69.3,59,67.1,36.1,39,69,81.3,87.4,72.1,89,282.8,87.5,80.9,86.4,71.7,80.4,81.1,91,93.6,93.8,82,82.8,80.4,85.6,95.5,152.5,97,0,0,0
2014-09,87.9,74.3,85.5,44,79.4,85.3,83.2,24.2,57.7,80,40.6,66.3,70.1,56.2,73.8,36.7,45.7,74.5,82.9,82.2,60,87.9,289.7,86.8,79.5,88.1,73.6,80.9,85.3,94.2,93.6,89.2,78.6,82.5,83.6,90,97.4,139.8,97.2,0,0,0
2014-10,85.5,71.2,86.2,43.1,79.2,83.5,82.5,24.4,63.1,79.3,55.8,63.1,66.2,59.5,67.7,38.7,53.8,79.6,81.6,82.2,57.2,80.1,293.9,81.1,77.2,82.2,71.6,81.3,78.5,85.6,85.6,86.6,76.6,85.7,81.7,86.2,96.6,137.1,96.1,0,0,0
2014-11,89,76.8,83.4,41.3,76.2,80.9,83.3,27.2,60.4,77.1,46.5,65.4,69.1,65,69.7,38.8,47.3,79.2,80.1,81.7,56.1,84.3,281.7,81.3,74.3,84.7,68.5,77,78.8,89.1,91.3,86.2,76,81.1,75.2,87.9,92.4,142,90.2,0,0,0
2014-12,81,66.4,79.3,39.6,73.5,78.9,78.4,23.7,57.4,81.8,39.1,61.5,64.1,55.5,65.2,38.1,42.1,72.1,77.8,78.7,44.1,77.7,274.1,78.8,79.9,79.1,65.9,77.7,74.5,73.7,88.4,82.2,78.8,76.1,77.7,81.7,90,135.8,91.9,0,0,0
2015-01,86.5,72.9,82.5,36.2,76.1,82.1,81.7,26.3,60.1,79.3,48.7,66.2,68.9,61.8,69.5,37.4,50.4,78.4,82,80.5,51.6,80.7,287.4,81,73.2,80.3,70.7,77.5,77.5,87.3,92.9,84.7,77.8,77.5,75.6,84.5,97.3,137,94.6,0,0,0
2015-02,90.3,69.1,83.6,41.1,78,83,87.7,24.9,59.2,80.6,43.1,65.5,66.7,57.8,70.9,36,46.3,72.9,78.9,84.6,57.2,88.9,304.4,88.6,79.7,84.6,72.7,78.1,86.8,99,90.5,91.2,79.9,85.5,78.2,84.6,92.5,140.2,93.3,0,0,0
2015-03,92.2,71.2,83.4,41,79.6,86.2,82.1,27.5,59.4,86.5,45.7,66,64.2,68.7,70.1,42.2,46.6,78.7,86.3,85.3,52.6,85.1,281.1,84.5,83.1,85.1,73.9,82.8,86.8,95.7,88,88.4,83,87.6,86.2,83.8,98.5,147.1,97.4,0,0,0
2015-04,93.9,78.3,89.3,37.5,82.8,87.6,86.2,24.9,64.2,82,48.1,72.5,73.9,63.5,74.1,38.5,55.1,80.5,87.9,85.8,53.9,81.4,280.4,82.7,79.5,89.4,77.1,83.7,84.2,81.7,96,88.7,83,84.5,84.7,93.3,86.2,112.3,93.9,0,0,0
2015-05,86.4,75.1,80,37.5,76.1,81.7,82.6,26.6,56.6,77.5,47,65.8,70.6,63.6,70.9,38.4,48.1,78.1,76.4,75.9,50,82.2,259.2,79.6,72.8,82.6,68.7,73.2,77.6,85.7,88.7,82.1,70.1,79.6,70.5,83.8,73.8,108.6,82.2,0,0,0
2015-06,77.7,66,77.9,37.2,74.1,79.5,78.8,23.1,58.7,80.5,43.2,57.6,63.6,58.5,67.8,38.6,47.4,74.2,77.5,79.8,48.9,76.8,269.7,79.3,77.4,76.6,68.1,79.2,81,84.8,84.8,85.4,78.9,76,77.5,81.7,79.4,100.8,89.9,0,0,0
2015-07,80.3,68.5,74.6,36.8,74,76.6,77.1,24.5,55.9,75.1,47.2,62.8,64.3,55.8,69,32,51.8,74.3,79.7,82.5,51.9,80.9,234.9,82,74.7,79.4,65.9,75.7,78.5,86.4,87.3,85.4,79.6,77.3,77.2,82.7,75,103.7,91.7,0,0,0
2015-08,88.5,71.3,74.8,39.2,79.2,84.1,81.4,25.7,49.6,79.6,33.9,66.9,68.2,58.1,75.4,37.5,36.6,65.8,79.9,83.3,65.8,87,259.7,87.4,79,85.7,70.7,78.5,83.4,81.3,90.3,96.1,78.1,81.7,79.9,85.6,77.5,93.6,89.5,0,0,0
2015-09,86.8,73.7,79.5,37.7,76.5,83.2,81.2,22.9,56.6,78.7,43.1,65.2,66.8,54.9,70,36.8,48.4,74.4,80.7,82.5,59.3,88.2,273.6,84.5,78.9,85.1,71.3,80.3,82.8,85.8,94.4,88.3,78.2,84.5,82.3,89.4,81.7,85.9,88.3,0,0,0
2015-10,85.1,71.2,83.8,34,77.1,83.7,82.3,24,63.2,78.8,47.5,65.3,67.1,57,71.7,35.7,52.2,76.8,80.8,80.8,53.1,78.7,294.2,83.8,77.2,82.8,72.9,78.8,81.6,82.5,89.4,85.6,81.2,81,79.8,84.3,79.6,83.3,89.7,0,0,0
2015-11,86.2,70.7,85.7,34.5,78.4,83.9,85.3,30.1,62,79.7,48.1,63.4,69.9,65.7,73.1,39.2,50,80,81.5,83.4,54.5,84.4,301.1,85,78.2,83.5,69.7,73.9,82.2,84.3,89.7,89,80.4,83,77.3,87.4,79.5,85.6,88.5,0,0,0
2015-12,83.2,69.6,80.4,35.6,74,81.2,78.3,25.6,62,81.8,49.9,62.3,64.4,60.4,71.3,38,47.3,76.6,77,84.4,50.1,74.4,281.3,78.8,76.4,83.6,67.4,77.2,74.6,79.5,90.6,82.2,98.8,79.9,81.1,80.9,80.5,80.8,88.9,0,0,0
2016-01,84.8,73.9,79.1,36,74.5,81.3,80.8,30.7,59.6,75.2,47.7,66.3,67.4,63.8,71,36.5,47,77.6,81.1,73.6,49.9,82.1,346.1,78.1,72.6,80.9,70,71.3,77.8,79.6,93,83.4,72.2,75.5,68.9,83.9,75.8,82.4,79.2,0,0,0
2016-02,85.4,63.3,76.3,36.3,72.4,79.9,83.6,25.1,58.3,81.1,40.1,58.5,62.2,56.7,70.4,36.4,38.5,71.2,77.5,82.6,57.5,79.3,314.9,82.8,79.9,79.2,68.3,75.6,83.4,83.7,78.9,86.5,79.3,83.8,78.7,77.1,78.4,84.3,87.9,0,0,0
2016-03,83.3,71.9,84.2,36.8,72.8,80.8,79.6,26.6,61.1,79.6,47.7,63.1,64.3,62.3,67.4,38.9,47.4,74.6,81.1,83.2,54.4,82.5,,83.5,75.6,82.2,70.2,84.2,78.1,81.4,86,84.8,79.6,81.3,81.7,79,82,78.9,88.5,0,0,0
2016-04,88.3,76.5,85.9,34.7,79.9,85.8,82.1,26.2,61.6,82.7,48.3,69.6,71.2,63.2,69.3,38.5,50.2,78.7,81.5,81.6,55.2,81.7,,83.6,79,88.2,77.6,84.3,77.3,82.4,94.3,86.5,81.9,84.3,80.2,88.3,86,82.3,90.6,0,0,0
2016-05,81.6,71.9,82.3,31.6,73.9,79.8,80.3,29.9,58.4,74.9,51,64.7,67.7,62.4,70.7,39.1,48.3,80.3,80.1,76.1,53.9,81,,79.2,73.7,78.8,68.9,70.8,76,77.7,91.1,82.9,74.7,79.5,73.9,81.6,72.9,82,81.9,0,0,0
2016-06,81.1,68.1,82.5,36.3,74.8,79,82.6,25.9,63,79.8,50.6,62.1,65.7,59.7,71.5,40.5,44,78,79.3,80.4,52.6,77.6,,79.4,75.6,81.2,69.7,77.5,78.7,83.3,85.7,85.7,78,80.3,78.3,82.5,80.2,85.2,87.9,0,0,0
2016-07,80.6,68.7,75.3,32.6,73,75.1,78.9,23.1,55,74.1,48.3,63.4,63.8,55.2,70.3,33.1,43.3,72.5,76,78.7,49.1,78.8,,81.1,74.4,81.1,68.8,75.6,77.7,80.8,88,84.8,81.5,80,76.5,80.4,73.4,81.9,86.8,0,0,0
2016-08,85.1,68.8,79.1,32.6,75.3,80.9,83.1,25.1,53,79.2,29.2,61.9,64,56,67.9,38.2,39,68.7,78.5,84,70.2,86.8,,86.5,79.7,82.5,71.9,80.9,79.3,98.2,84.2,91.6,80.2,84,82.3,85.8,77.9,86,90.8,0,0,0
2016-09,86.8,72.5,81.3,32.9,77.9,80.2,81.2,23,59,79.9,44.2,64.4,68.3,57.9,72.9,39.4,45.9,75.5,82.8,84.2,64.2,89.4,,87.1,74.5,83.8,73.5,78.6,79,100.3,86.2,89.1,80.4,83,77.5,84.2,80.2,84.1,84.8,0,0,0
2016-10,82.6,69.3,82.8,30.6,73.9,81.2,81.5,22.9,62.2,80.3,54.9,64.2,68.6,58.9,73.1,39.6,43.7,76.3,77.6,79.4,51.5,78.4,,79.2,74.5,81.7,73.6,76.3,77.9,79.4,83.2,85.3,79,81.8,80.8,78.5,78.4,82.2,86.3,0,0,0
2016-11,84.4,73.1,84.7,26.6,74.9,81.6,84,29.6,63.8,80.1,53.9,62.6,67.6,66.7,73.7,39,48.7,82.5,83.2,80.4,57,84.3,,83.8,76.1,84.3,76.3,75.5,79.5,92,85.4,87.5,77.4,83.2,77.9,83.3,78,80.5,87.4,0,0,0
2016-12,75.4,66.4,81.1,24.3,71.6,79,77.4,26.2,62.5,80,41.6,59.8,62.1,61.4,67.5,39.4,46.9,72.6,70.3,76.6,38.4,74.1,,76.1,72.1,77.2,72,75.9,70,82.6,78.8,78,78.7,73.3,76.7,71.7,78.9,77,86.5,0,0,0
2017-01,81,68.1,79.4,23.3,71.6,73.9,80,23.7,61,69.4,48.6,61.3,65.3,62,69.8,38.1,50.7,78.5,76.1,75.2,44.2,79.8,,79.4,74.2,77.3,69.9,67.7,74.3,89.9,81.2,79.5,75.4,78,69.6,79.3,71.5,78.7,72.4,0,0,0
2017-02,80.8,68.3,81.1,21.5,75.4,79,84.5,23.6,57.8,80.2,38.4,63.4,66.5,58.5,71.8,39.8,40,73.4,80.1,81.3,47,88.1,,85.7,76.3,82.8,74.3,75.3,80.6,98.3,80.9,88.8,80.3,83.9,76.6,82.7,77.8,80,83.6,0,0,0
2017-03,84.2,68.5,86.2,22,74.3,81.7,82.8,24.7,60.1,83.6,39.6,63.1,62,62.5,72,41.8,40,72.4,80.6,84,48.3,83.3,,82.9,75.3,81.1,76,82.8,79.3,86.6,81.1,84.7,79.6,85.7,83.5,74.8,85.5,80.6,90.8,0,0,0
2017-04,84,71.5,86.5,21.6,75,83.1,83.5,25.1,67.5,81.7,53.4,63.2,68.6,63.5,74.9,41.7,54.2,85.3,79.1,83.4,49.2,84.3,,84.5,76.8,85,79.1,82.1,76.7,90.7,87.6,88.7,82.3,87.1,79.8,82.5,80.7,85.5,88,0,0,0
2017-05,80.8,68.8,82.6,21.7,73.1,78.8,82.4,25.4,58.4,73.8,56.7,61.7,64.4,62.2,69.6,38.7,52.5,78.2,76.6,75.1,54.8,83.4,,80.4,73,77.2,75.1,71,77,89.4,84.2,84.9,75.6,77.8,70.7,80.1,71.2,75.5,78.3,0,0,0
2017-06,83.2,69.9,82.7,24.1,74.4,80.1,79.9,24.9,61.2,82.3,48.4,63.2,64.9,62.9,72.5,43.5,42.4,72.8,75.2,82.8,52.6,85.4,,86.4,71.9,80.4,77.5,80.4,73.5,82.5,82.2,84.6,79.6,81.3,80,79.3,79.8,84.7,87,0,0,0
2017-07,82.3,69.2,77,22.4,72.1,77.6,81.3,24.6,57.9,68.1,49.9,60.4,65.2,59.8,68.8,36.1,47.3,76,78.8,87.1,54.8,84.7,,94.3,103.8,80.5,73.6,78.7,108.2,85.2,89.2,80.6,112.5,81.1,77,79.2,71.8,81,83,0,0,0
2017-08,78,63.6,77,21.6,71.6,75.7,74.8,23.4,51.4,77.5,31.3,59,61.8,55.8,62.2,38.6,33.9,64.9,76,75.8,46.1,73.2,,76.4,71.8,76.1,73.8,73.5,72.1,91.2,75.2,87.6,77.2,77.3,81.3,76.6,74,74.3,89.8,0,0,0
2017-09,77.1,71.3,77.7,24.3,72.3,77.3,78.6,21.4,54.1,72.8,40.4,62.8,65.9,56.8,69.4,40.4,44.5,70.4,72.6,76,51.6,81.4,,78.7,68.2,79.2,72.5,73,74.3,85,80.7,84.5,73.9,75.8,70.9,80.1,74.4,77.6,74.1,0,0,0
2017-10,84.1,65.6,85,23.4,74.1,77.9,88.8,21.1,63.2,76.4,60,60.6,63.5,56.1,72.3,37.9,47.9,78.6,75.6,80.1,53.9,83.9,,84.9,74.7,78.2,74.7,76,77.7,89.7,78.8,84.6,74.4,80,75.2,79.2,72.1,81.3,82.5,0,0,0
2017-11,79.2,69.5,85.5,24.9,74.7,80.1,82.1,29.7,62.6,77.7,55.7,59.6,64.8,69.4,71,39.6,50.3,76.5,77.3,78.9,53.3,89.2,,84.2,72.4,82.4,76.9,76.4,79,89.6,85.9,84.1,75.5,77.6,77.2,82.6,77.2,76.6,81.7,0,0,0
2017-12,72.6,64.8,79.5,21.3,68.3,76.4,77.4,25.6,60.5,74.5,46.3,56.6,58.2,62.7,64.1,39.3,41.9,74.2,69,74.4,40.5,74.3,,75.2,69.5,75.3,72.9,75.8,68.4,80.4,73.8,77.9,74.2,72.1,74.6,68.4,72,69.9,81.6,0,0,0
2018-01,77.3,67.2,81.9,23.1,70.9,76.4,77.4,24.3,62.8,70.9,55.1,60.5,63.2,61.1,69.2,37.5,53.3,77.8,76,76.8,45.3,83.6,,82.2,69.9,79.7,73.1,71.1,78.8,85.7,79.6,81.4,77.8,77,73.4,78.2,72.7,77.9,78.9,0,0,0
2018-02,83,64.6,79.3,20.9,71.9,77.8,86.9,23.8,55.5,76.6,42.2,58,60.8,61,66.7,40.6,45.2,63.7,78.7,82.7,52.1,90.1,,85.7,71.8,81.4,77.2,78.3,77.9,108.3,78.6,85.5,76.4,80.3,76.7,76.1,74.5,74.2,81.7,0,0,0
2018-03,84.8,67.1,85.9,23.1,73.1,80.3,82,25.6,58.6,80.9,47.7,61.2,61,65.9,70.9,41.8,45.1,75.2,76.5,79.5,47.6,84,,82.7,73.3,78.4,75.1,81.7,75.7,91.8,75.1,78.1,76.3,77,75.2,74.7,79.7,78.8,82.3,0,0,0
2018-04,82.9,69.2,87.1,23.4,75.4,83.1,84.1,25.6,60.2,81,51.5,63.3,66.7,65.4,73,40.3,45.3,78.6,75.8,80.5,49.6,84.4,,81.8,75.4,82.4,79.5,80.9,77.7,80.8,81.6,83.1,77.9,76.2,75.9,84.1,80.6,83.4,84.3,0,0,0
2018-05,77.3,67.8,82.1,21.9,70.3,78.2,81.2,25.2,61.3,69.4,53.8,62.2,63.2,62.9,67.7,39.6,49.2,79.9,75.7,75,48.3,80.7,,79.7,68.1,77.6,72.8,74.7,75.7,90.7,78.7,79.7,68.5,72.7,75.5,77.2,70.6,78.4,78.1,0,0,0
2018-06,78.5,64.6,82.6,21.4,72.5,77.6,82.8,24,60.2,77.8,52.7,57.1,58.7,63.7,66.9,41,49.3,71.2,72.4,82.2,51.6,80.4,,82.5,71.4,77.7,73.9,78.2,71.3,78.9,77.8,87.3,77.4,72.5,76.7,74.8,75.9,75,86.5,0,0,0
2018-07,74.3,62.8,80.5,21.2,68.9,75.1,78,22,57,70,51.7,55.4,62.6,60.3,63.7,33.6,50.9,74.9,71.6,77.3,50.4,83.3,,83.1,67.9,75.4,72.8,73.6,74.4,81,79,80.8,69.9,71.6,73.9,77.7,68,78.5,80,0,0,0
2018-08,78.9,65.6,76.3,22.7,71,77.1,77.7,20.3,51.7,74,29.7,59.4,59.4,56.8,66.9,38,38.1,64.7,74.1,77.9,47.2,79.9,,81.5,71.9,77.1,74.9,76.4,73.8,87.6,72.3,78.3,77.7,71.9,75.5,76.7,74.3,76.3,84.2,0,0,0
2018-09,80.9,68.9,81.4,24.2,73.6,75.9,83.1,25,54.4,76.4,41.8,60.2,64.7,61.9,68.3,39,45.3,70.6,75.4,79.2,45.8,86.3,,82.2,71.1,78,74.3,78.2,76,84.6,75.8,78.3,72.7,71.2,72.5,76.1,75.8,79.6,78.5,0,0,0
2018-10,81.5,64,89,23.1,71.5,78.7,83.2,21.8,63.2,78.6,61.1,58.4,60.5,58.8,65.1,39.4,55.5,77.8,75.6,77.7,46.6,81,,79.4,72.3,79.2,74.3,77.7,77.7,88.2,78.2,80.9,74.2,74.4,76.9,77.4,74.1,78.4,82.2,0,0,0
2018-11,77.7,65.8,85.6,26.2,72.3,79.9,84.6,30.3,63.5,78.7,56.6,61,62.2,71.9,68,44.9,56,80.3,75.4,77.3,49.9,87.6,,83.7,69,77.5,77.9,79.6,75.3,92.9,78.7,82.8,78,71.2,74.5,78.5,75.7,74.7,81.9,0,0,0
2018-12,74.2,63.5,82.2,24.1,68.1,76.2,76.8,25.9,60.7,76,47.3,55.3,59.2,64.2,63.9,42,49.7,74.6,68.3,75,39,79.6,,74.4,69.2,74.9,74.8,75.9,65.3,74.5,72.8,75.9,74.3,69.7,74.2,70.3,72.7,71.5,80.9,0,0,0
2019-01,76.3,65.1,82.8,26.5,68.8,73.6,79.8,20.1,59.9,69.9,55,60.3,59.1,60.1,64.8,36.5,56.5,80.6,74.1,73.1,40.9,82.1,,78.6,67,73.2,71.3,70.2,74,89.6,76.1,77.1,66.9,69.2,68.6,75.2,70.5,74.5,71.4,0,0,0
2019-02,80.8,60,80.8,27.9,69.6,74.2,81,22.7,54.8,74.7,43.4,54.5,59.8,60.8,67.7,40,44.4,68.2,73.1,76.6,44.8,82.3,,81.1,71.5,74,72,75.1,76.6,87.1,74.5,78.5,72.1,69.6,71.1,75.2,73.1,74.8,78.8,0,0,0
2019-03,76.8,63.7,84.6,28,69.9,77.9,77.7,25.3,58.6,77.9,41.9,57.6,57.7,63.4,63.9,43.2,48.8,73.2,72.3,76.9,39.2,80,,77.2,69.6,73.6,72.4,76.4,73.6,79.6,70.9,75.3,74.5,71.1,75.3,71.6,71.4,75.7,81.7,0,0,0
2019-04,77.1,66.8,86.6,28.8,73.4,76.3,85.7,25,62,77.9,56.3,60.8,62.8,64.8,66.7,41.7,55.1,79.6,73.6,78.3,40.3,80.6,,80,72.6,78.4,76,77.6,76.5,86.3,78.9,76.6,75.2,73,75.4,76.4,76,77.6,81.8,0,0,0
2019-05,75.3,66.2,79.9,28.7,69.1,73.4,80.3,24.8,59.7,68.5,56.3,58.5,60.9,62.5,64.1,38.3,58.7,76.7,72.2,73.5,43.1,81.8,,76.5,66,72.4,71,73.4,71.8,75.5,76.9,75.6,68.4,66.4,68.9,72.9,69.4,72,73.4,0,0,0
2019-06,77.3,63,85.5,29.6,70.3,78.3,78.1,24.9,61.8,78.9,57.3,57.7,60.1,62.6,64.2,41.3,51.2,78.8,71,77,44,81.3,,79.7,70,70.8,75,76.3,69.9,89.1,73.1,82.7,72.6,67.9,74.8,77.8,72.5,78.5,81.4,0,0,0
2019-07,71.8,63.1,75.8,28.4,67.2,71.5,74.8,23.6,57.9,67.1,52.6,59,58.4,56.8,59,36.7,50.8,75.8,71.8,73.5,41.9,79.6,,77.3,68.2,72.4,70.1,71.1,73.6,78.6,73.4,77.1,72.8,68.7,71.5,75.6,67.4,73.8,78.9,0,0,0
2019-08,79.9,62.1,77.2,30.3,68.3,76.8,78.1,24.6,53.2,76.5,25.7,54.2,58.4,59.6,61.8,41.9,38.2,67.6,72.8,76.4,43.4,79.7,,78.9,70.7,74,72.9,75.6,71.5,81.4,78.4,76.4,73.3,68.4,74.4,74,72.8,74.4,79.6,0,0,0
2019-09,79.4,66.7,84.7,31.4,70.3,74.3,85.1,21,56.1,74.6,43.5,60,63,60.8,62.1,39.9,46,75.6,73.8,77.9,43.9,82,,79.2,69.4,75.2,75.5,79.7,73,81.8,75.2,78.3,69.7,68.2,72.5,74.1,71.9,75.8,78.4,0,0,0
2019-10,75.8,63.4,85.1,30.8,69,75.7,79.8,22.6,62.8,79,59.8,56.1,60,60.9,61.2,41.5,56.2,77.3,71.8,76.2,44,82.1,,78.4,69.4,74.3,73,74.3,71.3,87,72,74,71.5,70.4,73.2,74.4,73,72.5,78.3,0,0,0
2019-11,75.2,66.2,84.1,32.6,69.4,73.9,80.4,29,59.4,74.6,58,57.8,60,69.1,64.3,44.8,48.8,79,74.5,75.5,46.2,82.7,,78.6,66.8,74.3,73.2,72.8,73.1,82.2,75.1,76.9,76.5,70.1,74,76.6,72.2,74.1,78.4,0,0,0
2019-12,73.3,61.4,83,30.3,65.9,73.6,77.6,26.2,61.5,76.7,51.1,54.3,57.5,63.8,65,41,43.6,73.6,67.4,72,31.7,76.9,,72.6,68.2,71.7,73.7,75.9,66.6,89.4,74.1,75.7,72,66.4,70.9,74.1,71,72.4,78.7,0,0,0
2020-01,74.6,64.1,82.9,30.8,66,73.1,76,24.5,63.3,69.9,57.6,57.6,59.8,62.8,64.6,37.7,52.7,73.6,76,75.1,39.6,81.4,,78.2,67.4,75.4,71.1,70.4,73.6,87.5,79.9,75.5,79.1,68.5,69,70.9,72.3,68.9,71,0,0,0
2020-02,86.9,65.7,89.5,33.6,74.1,79.5,88.2,24.6,65,77.5,42.7,63.4,62.8,61.6,71.4,40.1,43.3,74.7,79.3,84.2,43.1,93.4,,86.3,75.5,79.6,78,79.3,81.5,94.7,74,82.5,76.2,77.7,77.6,77.3,73.1,83.1,81.9,0,0,0
2020-03,87.1,68,93.9,36.9,73.7,84.7,85.6,32.5,64.2,89.3,51.5,62.2,61.4,80.1,67.6,50.9,47.9,78.6,77.9,82.8,40.6,85.7,,82.4,78.4,78.9,85.5,89.4,80,85.6,75.3,81.9,82.4,75.1,85,79.9,83.9,76,91.4,0,0,0
2020-04,83.7,74.7,102.7,40.1,76.5,84.7,87.3,29.7,68.3,84.7,78.4,65,69,75.5,70,48.4,71,83.1,80.6,84.1,s,88.9,,84.7,77.3,84.1,82.8,86.8,80.1,95.6,89.2,81.8,84.6,79.8,80.9,86.6,85,78.7,87.6,0,0,0
2020-05,85,76.4,98.2,42.7,77,84.2,89.3,33.6,63.8,81.9,67.3,67.9,67.9,78.9,73,48.1,59.6,82.3,80.6,91.6,87.1,129.7,,101.2,100.7,92.8,80.7,85,110.6,87.8,84.7,82.3,83.4,84.8,82.4,82.6,79.7,78.8,84.8,0,0,0
2020-06,127.2,92.2,121.1,56.7,105.5,105.4,131.8,29,113.9,91.1,97.2,85.6,99.6,75.5,106.8,47.5,80.9,122,106.8,113.3,96.6,135.1,,137.6,115.9,119.5,105.5,98.7,131.4,127.6,115.9,130.8,133.7,114,88,136.5,91,131.4,92.2,0,0,0
2020-07,115.7,99.7,117.2,46.9,101.8,112.8,109.6,59.8,95.6,122.8,85,86.2,85.6,114.4,97.8,80.7,77.9,116.6,111.7,121.1,75.8,125.3,,119.2,110.5,117.8,119.9,127.3,108.5,127.5,123.3,136.2,129.4,110.4,136.3,110.2,121.1,112.8,148,0,0,0
2020-08,100.8,75.7,106,39.6,88.9,93.3,100.9,38.3,76.7,96.7,50.8,64.5,71.5,83.6,84.1,56.6,48.5,93.4,89.6,104.7,42.4,95.4,,99.5,94.4,84.7,98.1,97.9,89.9,99,86.5,95.8,120.6,89.1,106.6,87.4,89.9,98.6,118,0,0,0
2020-09,90.2,76.5,100.6,36,77.3,84.7,94.5,26.9,73.8,81.3,71.7,68.4,73,74.3,72.4,46.2,65.9,97.2,85.1,89.6,51.5,99.3,,91.4,108.1,86.2,84.4,82.4,112.2,104,84.7,89.7,92,79.8,79.4,94.5,79.2,85.1,79.5,0,0,0
2020-10,84.9,69.7,92.4,34.2,75.1,82.4,85.8,32.3,69.6,84.9,45.7,60.9,62.8,74.6,72,49.8,54.9,80.2,76.9,84.6,44.4,86.1,,86.1,77.8,83,83.2,85.3,80.6,93.4,84.5,86.1,83.7,75.4,83.1,78.6,82.2,75.2,91.5,0,0,0
2020-11,90.7,75.1,100,37.9,77.2,82.3,95.7,32.4,73.3,80.9,63.7,65.2,70.6,76.6,73.9,46,59.4,91.5,83.7,85.9,47.2,94.2,,89.1,74.4,84.9,84.2,83.9,85.6,94.1,85.8,86.1,80.3,77.1,76.2,87.8,77.7,82.2,81,0,0,0
2020-12,80.4,67.1,92.9,36.7,74.1,83.4,90.5,30.3,69,88.6,64.6,59.3,64.4,74.3,69.2,50.3,49.8,87.1,75.6,83.1,46.5,86.8,,83.4,76.7,79.8,82.1,86.5,77.4,97.4,78.5,83.9,83.3,76.3,81.3,79.1,84.5,80.5,91.5,0,0,0
2021-01,88.1,73.2,97.7,39.3,75.9,86.2,93.3,31,70.1,83.1,63.3,62.9,68,75.4,72.5,45.7,61.4,90.1,84.3,84.4,42.1,93,,88.4,73.5,84.5,80.2,82,83,109.7,85.6,87.9,85.5,80.1,78.4,85,81.3,78.6,85.5,0,0,0
2021-02,94.7,67.7,96.2,38.3,75.2,79.7,96.1,29.6,71.3,87.6,55.9,59.3,63.7,71.6,71.3,46.5,53.5,91.7,80.2,86.9,49.9,98.2,,89,77.5,86.2,84.9,88.4,84.2,101.4,87.2,91.5,87,82.3,85.4,80.7,82.4,86,89.5,0,0,0
2021-03,83.7,68,96.8,40.5,72.4,82.3,87.6,32.2,72.6,82.1,63.2,59.7,64.8,75.7,73,46.5,58.5,90.4,79.7,79.9,45.9,91.5,,86.4,75.6,81.9,84.3,84.9,80.8,100.6,80.3,84.1,77.1,76.6,79.8,81.9,81,76.1,81.9,0,0,0
2021-04,82.4,72.6,97.5,42.6,75.2,85.4,89.3,31.6,69,86,59,62.6,66.5,76.4,74.1,48.1,58.8,83.8,74.5,81.1,46,86.4,,85.7,74.3,81.8,83.6,85.1,81.1,85.8,82.2,82.6,83.6,70.7,79.7,84.1,84.5,74.8,86.4,0,0,0
2021-05,83.3,69.4,97.4,40.1,73.2,76.6,91,31.6,71.6,74.2,65.3,61.4,66.9,75.1,71.6,47.2,57.2,91.1,77,81.4,42.9,87.8,,83,73.9,78.5,78.1,79.6,77.9,96.1,81.2,81.8,81,74.8,73.7,84.5,68,75.8,83.3,0,0,0
2021-06,87.7,66.6,96.7,46.3,77.1,82,93.3,28.8,75.6,90.4,60.4,59.4,65.5,72.6,70.6,49.8,54,90.3,78.4,88.4,55.2,98.6,,92.6,79.9,85.3,82.1,85.3,89,102.4,84.3,97.9,83.3,84.9,85.4,87.8,82.1,88.6,86.8,0,0,0
2021-07,88.5,72.7,97.1,47.1,76.8,82.9,89.9,32.9,68.7,85,59.5,61.8,67.4,78.1,71.2,45.7,59.8,93.2,85.9,86.3,52.3,94.2,,88.8,78.3,83.1,86.9,89,83.8,92.8,82.3,89.9,86.9,81.1,86.2,86.9,85.7,83.7,92.5,0,0,0
2021-08,88.5,75.3,101.8,50.6,79.5,88.9,91.1,32.4,74.8,90.4,56.6,66.5,72.3,77.2,80,51.5,58.5,91.1,75.7,85.7,45.2,93.7,,88.4,80.5,88.6,85.9,90.5,82.7,102.9,88.5,89.1,84.6,78.5,89.6,91,85.8,87.8,94,0,0,0
2021-09,86.5,74.1,94.9,47.5,74.9,79.8,90.6,29.7,71.6,78.9,63.2,62.4,69.4,74.7,73,47.8,65.1,89.1,82.3,81.6,44.8,93,,88.7,73.3,83.3,80.6,84.4,85.1,107.1,85.3,86,83.3,78.3,78.9,88.2,78.6,80.4,82.1,0,0,0
2021-10,83,67.7,91.9,42.2,73.2,80.9,85.4,29.7,66.8,84.6,51,58.8,61.7,73.1,65.5,49.9,51.8,81.6,73,82.1,41.8,85.8,,80.3,75.1,80.7,81.1,87,78.7,97.7,77.3,83.1,79.9,75.6,80.9,79.1,83.1,74.1,86.5,0,0,0
2021-11,87.4,71.1,99.5,43.5,72.7,82.4,93.1,29.4,74.6,83.2,62,62.1,67.1,73.4,71.5,48.9,59.7,90.2,79.3,81.6,46.1,92.5,,87.1,75.4,81.3,82,80,84,98.8,83.7,87.4,83,76.8,81.3,84.9,76.8,79.9,87.7,0,0,0
2021-12,79.5,67.2,92.4,44.5,71.1,77.8,81.3,29,66.5,84.3,45.3,56.7,62.6,72,70.2,49.8,55.8,81.5,73.7,78.1,40.4,84.7,,79.2,72.5,76.9,81.7,84.8,76.4,86.3,79.1,81.5,83.1,72.5,80.2,78.8,83.2,72.3,84.7,0,0,0
2022-01,81.1,70.2,89.1,43.1,70.6,73.6,85.1,27.8,67.9,72.2,54.2,61.7,65.2,48.7,70.6,39.2,56.7,87.2,76.2,76.4,41.3,88,,81.5,69.2,78.1,76.7,77.5,83.2,93.9,79.2,78.8,76.3,74.7,70.8,80.6,73.8,75.9,73.2,0,0,0
2022-02,84.5,66.2,89.9,44.2,71.9,77.6,88.3,27.5,63.9,85,57.1,56.9,61.1,67.9,66,45.5,47.6,84.3,74.1,80,34.4,88.2,,84.9,75,80.5,76.9,85.4,82.3,95.7,76.7,81.7,77.5,76.1,78.7,81.9,79.5,79,84.4,0,0,0
2022-03,81.3,63.5,92.1,44.5,68.9,79.3,83.4,29.3,68.6,82.5,49.2,55,59,75.5,68.8,49.2,53.1,82.8,76,79.5,41,87.9,,81.4,73.1,77.6,78.2,81.4,79.9,98.2,74.2,80.9,81.6,74.5,78.6,76.9,80.3,72.2,82.6,0,0,0
2022-04,81.9,68,92.7,46,69,79.3,83.2,29.1,70.6,84.7,53.8,60.5,62.3,75.9,66.3,47.7,54.8,86.1,71.6,79.9,41,82.7,,79.4,71.2,77.4,80.4,82.2,72.5,93,80.7,82,81.6,71.7,79.6,75.3,77.6,71.5,83.4,0,0,0
2022-05,78,67.1,91.1,45.9,65.8,74,86.4,28.5,75.2,73.2,59,59.7,62.5,71.9,64.6,46.3,59.4,90.6,71.1,73.2,43.2,85.6,,78.6,67.7,75.1,76.1,73.3,76.1,91.6,74.9,79.9,70.7,69.9,69,79.7,69.2,74.4,72.6,0,0,0
2022-06,71.4,60.2,85.1,43.9,66.4,70.6,80.3,26.8,60,76.5,51.8,53.4,56.1,68.3,62.6,46.4,51.3,77,66.4,74.3,31.7,79.5,,74.9,65.5,71.3,72.6,77.4,70.2,76.3,72.1,73.7,76.2,67.6,71.7,73.6,76,71.9,81.1,0,0,0
